1-01,urllc
1-02,embb
1-03,mtc
1-04,urllc
1-05,embb
1-06,mtc
1-07,urllc
1-08,embb
1-09,mtc
1-10,urllc
1-11,urllc
1-12,embb
1-13,mtc
1-14,urllc
1-15,embb
1-16,mtc
1-17,urllc
1-18,embb
1-19,mtc
1-20,urllc
1-21,urllc
1-22,embb
1-23,mtc
1-24,urllc
1-25,embb
1-26,mtc
1-27,urllc
1-28,embb
1-29,mtc
1-30,urllc
1-31,urllc
1-32,embb
1-33,mtc
1-34,urllc
1-35,embb
1-36,mtc
1-37,urllc
1-38,embb
1-39,mtc
1-40,urllc
2-01,urllc
2-02,embb
2-03,mtc
2-04,urllc
2-05,embb
2-06,mtc
2-07,urllc
2-08,embb
2-09,mtc
2-10,urllc
2-11,urllc
2-12,embb
2-13,mtc
2-14,urllc
2-15,embb
2-16,mtc
2-17,urllc
2-18,embb
2-19,mtc
2-20,urllc
2-21,urllc
2-22,embb
2-23,mtc
2-24,urllc
2-25,embb
2-26,mtc
2-27,urllc
2-28,embb
2-29,mtc
2-30,urllc
2-31,urllc
2-32,embb
2-33,mtc
2-34,urllc
2-35,embb
2-36,mtc
2-37,urllc
2-38,embb
2-39,mtc
2-40,urllc
3-01,urllc
3-02,embb
3-03,mtc
3-04,urllc
3-05,embb
3-06,mtc
3-07,urllc
3-08,embb
3-09,mtc
3-10,urllc
3-11,urllc
3-12,embb
3-13,mtc
3-14,urllc
3-15,embb
3-16,mtc
3-17,urllc
3-18,embb
3-19,mtc
3-20,urllc
3-21,urllc
3-22,embb
3-23,mtc
3-24,urllc
3-25,embb
3-26,mtc
3-27,urllc
3-28,embb
3-29,mtc
3-30,urllc
3-31,urllc
3-32,embb
3-33,mtc
3-34,urllc
3-35,embb
3-36,mtc
3-37,urllc
3-38,embb
3-39,mtc
3-40,urllc
4-01,urllc
4-02,embb
4-03,mtc
4-04,urllc
4-05,embb
4-06,mtc
4-07,urllc
4-08,embb
4-09,mtc
4-10,urllc
4-11,urllc
4-12,embb
4-13,mtc
4-14,urllc
4-15,embb
4-16,mtc
4-17,urllc
4-18,embb
4-19,mtc
4-20,urllc
4-21,urllc
4-22,embb
4-23,mtc
4-24,urllc
4-25,embb
4-26,mtc
4-27,urllc
4-28,embb
4-29,mtc
4-30,urllc
4-31,urllc
4-32,embb
4-33,mtc
4-34,urllc
4-35,embb
4-36,mtc
4-37,urllc
4-38,embb
4-39,mtc
4-40,urllc
5-01,urllc
5-02,embb
5-03,mtc
5-04,urllc
5-05,embb
5-06,mtc
5-07,urllc
5-08,embb
5-09,mtc
5-10,urllc
5-11,urllc
5-12,embb
5-13,mtc
5-14,urllc
5-15,embb
5-16,mtc
5-17,urllc
5-18,embb
5-19,mtc
5-20,urllc
5-21,urllc
5-22,embb
5-23,mtc
5-24,urllc
5-25,embb
5-26,mtc
5-27,urllc
5-28,embb
5-29,mtc
5-30,urllc
5-31,urllc
5-32,embb
5-33,mtc
5-34,urllc
5-35,embb
5-36,mtc
5-37,urllc
5-38,embb
5-39,mtc
5-40,urllc
